Workbook

Sheet Config
A1: Nuevo
A2: Contactado
A3: Respondió
A4: Interesado
A5: Follow-up 1
A6: Follow-up 2
A7: Reunión cerrada
A8: Propuesta enviada
A9: Cerrado ✓
A10: Perdido ✗

Sheet CRM Leads
A1: # | B1: Negocio | C1: Rubro | D1: Contacto | E1: Canal | F1: Teléfono / @ | G1: 1er contacto | H1: Último mensaje | I1: Días sin resp. | J1: Etapa | K1: Notas
A2: =IF(B2<>"",ROW()-1,"") | I2: =IF(H2="","",IF(OR(J2="Cerrado ✓",J2="Perdido ✗"),"—",TODAY()-H2))
A3: =IF(B3<>"",ROW()-1,"") | I3: =IF(H3="","",IF(OR(J3="Cerrado ✓",J3="Perdido ✗"),"—",TODAY()-H3))
A4: =IF(B4<>"",ROW()-1,"") | I4: =IF(H4="","",IF(OR(J4="Cerrado ✓",J4="Perdido ✗"),"—",TODAY()-H4))
A5: =IF(B5<>"",ROW()-1,"") | I5: =IF(H5="","",IF(OR(J5="Cerrado ✓",J5="Perdido ✗"),"—",TODAY()-H5))
A6: =IF(B6<>"",ROW()-1,"") | I6: =IF(H6="","",IF(OR(J6="Cerrado ✓",J6="Perdido ✗"),"—",TODAY()-H6))
A7: =IF(B7<>"",ROW()-1,"") | I7: =IF(H7="","",IF(OR(J7="Cerrado ✓",J7="Perdido ✗"),"—",TODAY()-H7))
A8: =IF(B8<>"",ROW()-1,"") | I8: =IF(H8="","",IF(OR(J8="Cerrado ✓",J8="Perdido ✗"),"—",TODAY()-H8))
A9: =IF(B9<>"",ROW()-1,"") | I9: =IF(H9="","",IF(OR(J9="Cerrado ✓",J9="Perdido ✗"),"—",TODAY()-H9))
A10: =IF(B10<>"",ROW()-1,"") | I10: =IF(H10="","",IF(OR(J10="Cerrado ✓",J10="Perdido ✗"),"—",TODAY()-H10))
A11: =IF(B11<>"",ROW()-1,"") | I11: =IF(H11="","",IF(OR(J11="Cerrado ✓",J11="Perdido ✗"),"—",TODAY()-H11))
A12: =IF(B12<>"",ROW()-1,"") | I12: =IF(H12="","",IF(OR(J12="Cerrado ✓",J12="Perdido ✗"),"—",TODAY()-H12))
A13: =IF(B13<>"",ROW()-1,"") | I13: =IF(H13="","",IF(OR(J13="Cerrado ✓",J13="Perdido ✗"),"—",TODAY()-H13))
... A31: =IF(B31<>"",ROW()-1,"") | I31: =IF(H31="","",IF(OR(J31="Cerrado ✓",J31="Perdido ✗"),"—",TODAY()-H31))
B33: Total leads: | C33: =COUNTA(B2:B31) -> 0 | D33: Activos: | E33: =COUNTIF(J2:J31,"Interesado")+COUNTIF(J2:J31,"Follow-up 1")+COUNTIF(J2:J31,"Follow-up 2")+COUNTIF(J2:J31,"Reunión cerrada")+COUNTIF(J2:J31,"Propuesta enviada") -> 0 | F33: Cerrados: | G33: =COUNTIF(J2:J31,"Cerrado ✓") -> 0 | H33: Perdidos: | I33: =COUNTIF(J2:J31,"Perdido ✗") -> 0 | J33: Tasa de cierre: | K33: =IFERROR(COUNTIF(J2:J31,"Cerrado ✓")/COUNTA(B2:B31),0) -> 0

Sheet Pipeline
A1: Etapa | B1: Cantidad | C1: % del total
A2: Nuevo | B2: =COUNTIF('CRM Leads'!J:J,"Nuevo") -> 0 | C2: =IFERROR(B2/SUM(B2:B11),0) -> 0
A3: Contactado | B3: =COUNTIF('CRM Leads'!J:J,"Contactado") -> 0 | C3: =IFERROR(B3/SUM(B2:B11),0) -> 0
A4: Respondió | B4: =COUNTIF('CRM Leads'!J:J,"Respondió") -> 0 | C4: =IFERROR(B4/SUM(B2:B11),0) -> 0
A5: Interesado | B5: =COUNTIF('CRM Leads'!J:J,"Interesado") -> 0 | C5: =IFERROR(B5/SUM(B2:B11),0) -> 0
A6: Follow-up 1 | B6: =COUNTIF('CRM Leads'!J:J,"Follow-up 1") -> 0 | C6: =IFERROR(B6/SUM(B2:B11),0) -> 0
A7: Follow-up 2 | B7: =COUNTIF('CRM Leads'!J:J,"Follow-up 2") -> 0 | C7: =IFERROR(B7/SUM(B2:B11),0) -> 0
A8: Reunión cerrada | B8: =COUNTIF('CRM Leads'!J:J,"Reunión cerrada") -> 0 | C8: =IFERROR(B8/SUM(B2:B11),0) -> 0
A9: Propuesta enviada | B9: =COUNTIF('CRM Leads'!J:J,"Propuesta enviada") -> 0 | C9: =IFERROR(B9/SUM(B2:B11),0) -> 0
A10: Cerrado ✓ | B10: =COUNTIF('CRM Leads'!J:J,"Cerrado ✓") -> 0 | C10: =IFERROR(B10/SUM(B2:B11),0) -> 0
A11: Perdido ✗ | B11: =COUNTIF('CRM Leads'!J:J,"Perdido ✗") -> 0 | C11: =IFERROR(B11/SUM(B2:B11),0) -> 0
